iteration,position,value
3,3,2.70606
3,9,2.70395
3,15,2.69848
3,21,2.70602
3,27,2.70117
3,33,2.70674
3,39,2.70378
3,45,2.70982
3,51,2.70454
3,57,2.69926
3,63,2.70442
3,69,2.70658
3,75,2.70636
3,81,2.69821
3,87,2.70126
3,93,2.70261
3,99,2.70414
3,105,2.7047
3,111,2.70369
3,117,2.69845
3,123,2.70146
3,127,2.70387
10,3,2.33591
10,9,2.33531
10,15,2.34032
10,21,2.33827
10,27,2.33464
10,33,2.33565
10,39,2.33849
10,45,2.33484
10,51,2.33579
10,57,2.32939
10,63,2.33069
10,69,2.33537
10,75,2.33685
10,81,2.33235
10,87,2.34512
10,93,2.3363
10,99,2.33371
10,105,2.33358
10,111,2.33493
10,117,2.33095
10,123,2.33483
10,127,2.3393
17,3,2.67091
17,9,2.66815
17,15,2.67062
17,21,2.67396
17,27,2.67332
17,33,2.66761
17,39,2.66902
17,45,2.66947
17,51,2.67201
17,57,2.67165
17,63,2.6765
17,69,2.66497
17,75,2.67168
17,81,2.6642
17,87,2.67394
17,93,2.66714
17,99,2.66735
17,105,2.67522
17,111,2.66549
17,117,2.6649
17,123,2.67113
17,127,2.65894
24,3,2.43654
24,9,2.43866
24,15,2.426
24,21,2.43874
24,27,2.43766
24,33,2.4364
24,39,2.44641
24,45,2.44057
24,51,2.43806
24,57,2.44986
24,63,2.44492
24,69,2.43
24,75,2.43346
24,81,2.441
24,87,2.43907
24,93,2.43678
24,99,2.43531
24,105,2.438
24,111,2.43645
24,117,2.43704
24,123,2.43718
24,127,2.44702
31,3,3.25349
31,9,3.253
31,15,3.25358
31,21,3.25223
31,27,3.25271
31,33,3.25136
31,39,3.25301
31,45,3.25048
31,51,3.24965
31,57,3.25029
31,63,3.25113
31,69,3.25106
31,75,3.25082
31,81,3.25108
31,87,3.25068
31,93,3.25128
31,99,3.25123
31,105,3.248
31,111,3.25137
31,117,3.25419
31,123,3.2525
31,127,3.25627
38,3,2.73011
38,9,2.73213
38,15,2.73185
38,21,2.73374
38,27,2.72478
38,33,2.7378
38,39,2.72458
38,45,2.72897
38,51,2.73543
38,57,2.72539
38,63,2.73474
38,69,2.7299
38,75,2.71773
38,81,2.72892
38,87,2.72828
38,93,2.731
38,99,2.72247
38,105,2.72379
38,111,2.73078
38,117,2.73228
38,123,2.72811
38,127,2.71801
45,3,2.55912
45,9,2.56165
45,15,2.56219
45,21,2.55914
45,27,2.56066
45,33,2.5631
45,39,2.56092
45,45,2.55898
45,51,2.56114
45,57,2.55994
45,63,2.55749
45,69,2.56125
45,75,2.55977
45,81,2.56063
45,87,2.56158
45,93,2.55909
45,99,2.55852
45,105,2.56063
45,111,2.55994
45,117,2.56091
45,123,2.56114
45,127,2.55922
52,3,1.17052
52,9,1.17202
52,15,1.17064
52,21,1.17316
52,27,1.16943
52,33,1.16955
52,39,1.17198
52,45,1.17165
52,51,1.17213
52,57,1.17107
52,63,1.17182
52,69,1.17119
52,75,1.17388
52,81,1.16867
52,87,1.17347
52,93,1.17215
52,99,1.17163
52,105,1.17244
52,111,1.1705
52,117,1.17188
52,123,1.17378
52,127,1.16586
59,3,0.63495
59,9,0.63269
59,15,0.63288
59,21,0.63289
59,27,0.63396
59,33,0.63269
59,39,0.6298
59,45,0.63225
59,51,0.63343
59,57,0.6333
59,63,0.63406
59,69,0.63622
59,75,0.63198
59,81,0.63406
59,87,0.62886
59,93,0.63372
59,99,0.63408
59,105,0.63215
59,111,0.63485
59,117,0.63157
59,123,0.63282
59,127,0.63103
66,3,0.52629
66,9,0.53776
66,15,0.5434
66,21,0.54228
66,27,0.54246
66,33,0.54253
66,39,0.54038
66,45,0.54188
66,51,0.54218
66,57,0.54393
66,63,0.54297
66,69,0.54205
66,75,0.54282
66,81,0.54166
66,87,0.54027
66,93,0.54226
66,99,0.54237
66,105,0.54072
66,111,0.5424
66,117,0.54163
66,123,0.54078
66,127,0.53891
73,3,0.62993
73,9,1.83394
73,15,1.95528
73,21,1.96052
73,27,1.95815
73,33,1.96237
73,39,1.95423
73,45,1.96069
73,51,1.94851
73,57,1.94103
73,63,1.93936
73,69,1.92458
73,75,1.92893
73,81,1.91667
73,87,1.89708
73,93,1.90502
73,99,1.87865
73,105,1.87778
73,111,1.86002
73,117,1.85965
73,123,1.84856
73,127,1.85886
80,3,0.62706
80,9,1.12051
80,15,1.17511
80,21,1.16914
80,27,1.1803
80,33,1.17875
80,39,1.16778
80,45,1.16907
80,51,1.16892
80,57,1.17319
80,63,1.17223
80,69,1.17241
80,75,1.17487
80,81,1.17119
80,87,1.17303
80,93,1.17333
80,99,1.17386
80,105,1.16495
80,111,1.16659
80,117,1.16423
80,123,1.1713
80,127,1.17705
87,3,0.45986
87,9,0.77278
87,15,0.82661
87,21,0.84041
87,27,0.83731
87,33,0.83804
87,39,0.83694
87,45,0.84018
87,51,0.84412
87,57,0.84273
87,63,0.84958
87,69,0.84544
87,75,0.84928
87,81,0.85349
87,87,0.85479
87,93,0.86053
87,99,0.85849
87,105,0.86752
87,111,0.8729
87,117,0.8743
87,123,0.87904
87,127,0.87705
94,3,0.51669
94,9,0.55681
94,15,0.54443
94,21,0.54628
94,27,0.53566
94,33,0.53446
94,39,0.53368
94,45,0.53488
94,51,0.53503
94,57,0.52999
94,63,0.53307
94,69,0.52931
94,75,0.52338
94,81,0.52502
94,87,0.5288
94,93,0.52488
94,99,0.52687
94,105,0.52337
94,111,0.52112
94,117,0.51939
94,123,0.52175
94,127,0.53238
101,3,0.39977
101,9,0.44793
101,15,0.49263
101,21,0.51507
101,27,0.56411
101,33,0.59949
101,39,0.62
101,45,0.64204
101,51,0.65665
101,57,0.67146
101,63,0.69365
101,69,0.70054
101,75,0.71987
101,81,0.7235
101,87,0.73104
101,93,0.73647
101,99,0.7445
101,105,0.74885
101,111,0.74535
101,117,0.74775
101,123,0.75944
101,127,0.75745
108,3,0.20963
108,9,0.35386
108,15,0.48212
108,21,0.49916
108,27,0.49849
108,33,0.49925
108,39,0.49921
108,45,0.49117
108,51,0.48305
108,57,0.47955
108,63,0.47484
108,69,0.47191
108,75,0.47856
108,81,0.46938
108,87,0.46694
108,93,0.45792
108,99,0.45146
108,105,0.45043
108,111,0.446
108,117,0.4495
108,123,0.43963
108,127,0.43951
115,3,0.2242
115,9,0.30376
115,15,0.43414
115,21,0.5057
115,27,0.54987
115,33,0.56119
115,39,0.57786
115,45,0.5833
115,51,0.58777
115,57,0.59652
115,63,0.58977
115,69,0.59306
115,75,0.58961
115,81,0.58807
115,87,0.59154
115,93,0.5863
115,99,0.58567
115,105,0.5951
115,111,0.58278
115,117,0.5805
115,123,0.58589
115,127,0.58011
122,3,0.2483
122,9,0.311
122,15,0.49582
122,21,0.63055
122,27,0.68635
122,33,0.71582
122,39,0.74571
122,45,0.77037
122,51,0.79766
122,57,0.79934
122,63,0.82129
122,69,0.82044
122,75,0.82248
122,81,0.82495
122,87,0.84256
122,93,0.85537
122,99,0.85269
122,105,0.8705
122,111,0.88333
122,117,0.90118
122,123,0.90455
122,127,0.91459
129,3,0.29688
129,9,0.30599
129,15,0.40727
129,21,0.45876
129,27,0.47967
129,33,0.48365
129,39,0.48476
129,45,0.47409
129,51,0.46492
129,57,0.47246
129,63,0.50169
129,69,0.51429
129,75,0.53593
129,81,0.54416
129,87,0.57255
129,93,0.5827
129,99,0.5941
129,105,0.60414
129,111,0.61155
129,117,0.63293
129,123,0.63419
129,127,0.63075
136,3,0.67708
136,9,0.6609
136,15,0.59645
136,21,0.5766
136,27,0.57258
136,33,0.56097
136,39,0.53974
136,45,0.51512
136,51,0.49011
136,57,0.47415
136,63,0.46841
136,69,0.46651
136,75,0.47086
136,81,0.47554
136,87,0.47945
136,93,0.49377
136,99,0.50777
136,105,0.51825
136,111,0.52694
136,117,0.54646
136,123,0.54254
136,127,0.53924
143,3,0.72092
143,9,0.64954
143,15,0.54782
143,21,0.46446
143,27,0.40943
143,33,0.38345
143,39,0.36082
143,45,0.35527
143,51,0.35409
143,57,0.36048
143,63,0.36492
143,69,0.3811
143,75,0.40183
143,81,0.40545
143,87,0.4148
143,93,0.41513
143,99,0.4207
143,105,0.42597
143,111,0.42435
143,117,0.43095
143,123,0.43533
143,127,0.43806
150,3,0.69382
150,9,0.73445
150,15,0.56671
150,21,0.48119
150,27,0.45065
150,33,0.45047
150,39,0.45534
150,45,0.48117
150,51,0.49793
150,57,0.51346
150,63,0.5239
150,69,0.5525
150,75,0.56524
150,81,0.59455
150,87,0.60996
150,93,0.61665
150,99,0.61902
150,105,0.63553
150,111,0.63398
150,117,0.64996
150,123,0.66973
150,127,0.67804
157,3,0.81092
157,9,1.00308
157,15,0.83269
157,21,0.65893
157,27,0.5375
157,33,0.46497
157,39,0.43317
157,45,0.44734
157,51,0.49289
157,57,0.53391
157,63,0.565
157,69,0.60151
157,75,0.63122
157,81,0.66203
157,87,0.68798
157,93,0.70693
157,99,0.72187
157,105,0.74153
157,111,0.74919
157,117,0.75983
157,123,0.76417
157,127,0.76732
164,3,0.60535
164,9,0.69988
164,15,0.56537
164,21,0.4862
164,27,0.46095
164,33,0.44035
164,39,0.43025
164,45,0.43071
164,51,0.43081
164,57,0.42583
164,63,0.4275
164,69,0.44597
164,75,0.45474
164,81,0.46973
164,87,0.48419
164,93,0.50137
164,99,0.52421
164,105,0.52598
164,111,0.53914
164,117,0.54084
164,123,0.54769
164,127,0.56283
171,3,0.82916
171,9,1.01473
171,15,0.88728
171,21,0.71093
171,27,0.60324
171,33,0.54977
171,39,0.50562
171,45,0.4664
171,51,0.45154
171,57,0.43966
171,63,0.43587
171,69,0.43621
171,75,0.42815
171,81,0.42818
171,87,0.42284
171,93,0.41793
171,99,0.414
171,105,0.40402
171,111,0.40417
171,117,0.4035
171,123,0.40127
171,127,0.40607
178,3,0.46564
178,9,0.53342
178,15,0.46046
178,21,0.43393
178,27,0.43245
178,33,0.45454
178,39,0.47708
178,45,0.5029
178,51,0.51121
178,57,0.51592
178,63,0.51792
178,69,0.51759
178,75,0.51498
178,81,0.51387
178,87,0.50098
178,93,0.48696
178,99,0.45638
178,105,0.43857
178,111,0.4308
178,117,0.41519
178,123,0.40095
178,127,0.40152
185,3,0.62537
185,9,0.69376
185,15,0.61548
185,21,0.59779
185,27,0.65099
185,33,0.67287
185,39,0.69602
185,45,0.70313
185,51,0.70888
185,57,0.69868
185,63,0.68543
185,69,0.67192
185,75,0.65269
185,81,0.63595
185,87,0.60993
185,93,0.58679
185,99,0.57004
185,105,0.55924
185,111,0.53532
185,117,0.51427
185,123,0.49908
185,127,0.50321
192,3,0.44729
192,9,0.48475
192,15,0.43825
192,21,0.43446
192,27,0.48335
192,33,0.51471
192,39,0.54334
192,45,0.57782
192,51,0.59639
192,57,0.59585
192,63,0.59292
192,69,0.58931
192,75,0.57334
192,81,0.53602
192,87,0.51592
192,93,0.48992
192,99,0.45996
192,105,0.43439
192,111,0.41275
192,117,0.38656
192,123,0.36595
192,127,0.35767
199,3,0.40557
199,9,0.40929
199,15,0.39861
199,21,0.42298
199,27,0.46191
199,33,0.49778
199,39,0.52889
199,45,0.56402
199,51,0.58119
199,57,0.58323
199,63,0.59238
199,69,0.58798
199,75,0.58669
199,81,0.57095
199,87,0.54663
199,93,0.53735
199,99,0.52732
199,105,0.51858
199,111,0.49026
199,117,0.46118
199,123,0.43475
199,127,0.41559
206,3,0.60739
206,9,0.5768
206,15,0.49624
206,21,0.44779
206,27,0.44162
206,33,0.45758
206,39,0.49529
206,45,0.54435
206,51,0.59042
206,57,0.65437
206,63,0.66854
206,69,0.6872
206,75,0.69625
206,81,0.68362
206,87,0.65318
206,93,0.60964
206,99,0.54393
206,105,0.50138
206,111,0.44939
206,117,0.41449
206,123,0.38008
206,127,0.3604
213,3,0.78292
213,9,0.72059
213,15,0.58275
213,21,0.4884
213,27,0.44971
213,33,0.45731
213,39,0.48496
213,45,0.50453
213,51,0.53923
213,57,0.57025
213,63,0.57304
213,69,0.58131
213,75,0.58781
213,81,0.58635
213,87,0.56682
213,93,0.53884
213,99,0.49666
213,105,0.44887
213,111,0.40901
213,117,0.38037
213,123,0.35266
213,127,0.32847
220,3,0.52631
220,9,0.55992
220,15,0.47434
220,21,0.42868
220,27,0.43329
220,33,0.43958
220,39,0.44277
220,45,0.44472
220,51,0.45629
220,57,0.46096
220,63,0.47233
220,69,0.48612
220,75,0.49285
220,81,0.49571
220,87,0.49921
220,93,0.49431
220,99,0.49306
220,105,0.48361
220,111,0.4629
220,117,0.43783
220,123,0.41453
220,127,0.39848
227,3,0.41789
227,9,0.48816
227,15,0.45601
227,21,0.43451
227,27,0.44913
227,33,0.45727
227,39,0.46119
227,45,0.46906
227,51,0.4807
227,57,0.49689
227,63,0.51029
227,69,0.51773
227,75,0.53075
227,81,0.52629
227,87,0.5223
227,93,0.51211
227,99,0.49582
227,105,0.48214
227,111,0.46246
227,117,0.43603
227,123,0.41693
227,127,0.4017
234,3,0.49074
234,9,0.61035
234,15,0.59234
234,21,0.56324
234,27,0.54535
234,33,0.53975
234,39,0.53238
234,45,0.52796
234,51,0.54149
234,57,0.54938
234,63,0.54808
234,69,0.54691
234,75,0.53146
234,81,0.51803
234,87,0.503
234,93,0.49629
234,99,0.47585
234,105,0.47468
234,111,0.45968
234,117,0.43912
234,123,0.41941
234,127,0.40935
241,3,0.5595
241,9,0.63632
241,15,0.60041
241,21,0.54807
241,27,0.51849
241,33,0.50582
241,39,0.50862
241,45,0.53061
241,51,0.56914
241,57,0.60264
241,63,0.60968
241,69,0.61351
241,75,0.62141
241,81,0.61007
241,87,0.59953
241,93,0.58167
241,99,0.58403
241,105,0.58489
241,111,0.58555
241,117,0.56826
241,123,0.55724
241,127,0.54795
248,3,0.53142
248,9,0.68201
248,15,0.64902
248,21,0.59195
248,27,0.53739
248,33,0.51719
248,39,0.50965
248,45,0.50446
248,51,0.52403
248,57,0.53674
248,63,0.56461
248,69,0.57031
248,75,0.56118
248,81,0.5632
248,87,0.54421
248,93,0.5409
248,99,0.52243
248,105,0.50217
248,111,0.48991
248,117,0.48068
248,123,0.4668
248,127,0.46066
255,3,0.56075
255,9,0.6196
255,15,0.55241
255,21,0.51139
255,27,0.4726
255,33,0.44773
255,39,0.45141
255,45,0.47842
255,51,0.507
255,57,0.54742
255,63,0.58169
255,69,0.61848
255,75,0.63774
255,81,0.65572
255,87,0.651
255,93,0.62707
255,99,0.60114
255,105,0.56787
255,111,0.54327
255,117,0.50999
255,123,0.47718
255,127,0.45395
262,3,0.46807
262,9,0.57894
262,15,0.55884
262,21,0.495
262,27,0.46903
262,33,0.44881
262,39,0.4542
262,45,0.45016
262,51,0.4568
262,57,0.47775
262,63,0.48904
262,69,0.49227
262,75,0.49226
262,81,0.48152
262,87,0.47551
262,93,0.46715
262,99,0.44865
262,105,0.43797
262,111,0.41617
262,117,0.39911
262,123,0.3885
262,127,0.37857
269,3,0.63738
269,9,0.70009
269,15,0.61453
269,21,0.55518
269,27,0.51315
269,33,0.49961
269,39,0.48536
269,45,0.48579
269,51,0.49845
269,57,0.50094
269,63,0.50655
269,69,0.5324
269,75,0.5493
269,81,0.54746
269,87,0.53962
269,93,0.52199
269,99,0.48714
269,105,0.45272
269,111,0.42712
269,117,0.41653
269,123,0.39016
269,127,0.37762
276,3,0.56367
276,9,0.82405
276,15,0.76885
276,21,0.67368
276,27,0.60255
276,33,0.55335
276,39,0.53147
276,45,0.51442
276,51,0.51942
276,57,0.52939
276,63,0.53809
276,69,0.54735
276,75,0.54306
276,81,0.55089
276,87,0.55706
276,93,0.54486
276,99,0.54816
276,105,0.53899
276,111,0.50735
276,117,0.49227
276,123,0.47806
276,127,0.45824
283,3,0.34614
283,9,0.46326
283,15,0.51378
283,21,0.51575
283,27,0.49612
283,33,0.49035
283,39,0.48987
283,45,0.48087
283,51,0.47887
283,57,0.46649
283,63,0.45351
283,69,0.44864
283,75,0.45894
283,81,0.4611
283,87,0.44867
283,93,0.43012
283,99,0.41219
283,105,0.38869
283,111,0.37723
283,117,0.36456
283,123,0.34537
283,127,0.33449
290,3,0.4944
290,9,0.53183
290,15,0.56496
290,21,0.55498
290,27,0.54784
290,33,0.52231
290,39,0.51732
290,45,0.51476
290,51,0.51052
290,57,0.50481
290,63,0.48879
290,69,0.48799
290,75,0.49025
290,81,0.48082
290,87,0.47343
290,93,0.4606
290,99,0.44202
290,105,0.42409
290,111,0.41061
290,117,0.38353
290,123,0.37344
290,127,0.36114
297,3,0.38225
297,9,0.44891
297,15,0.49543
297,21,0.48134
297,27,0.44318
297,33,0.40903
297,39,0.40119
297,45,0.40766
297,51,0.42965
297,57,0.44756
297,63,0.45768
297,69,0.45838
297,75,0.45503
297,81,0.45086
297,87,0.44369
297,93,0.42945
297,99,0.41988
297,105,0.40273
297,111,0.39087
297,117,0.3799
297,123,0.35628
297,127,0.34527
304,3,0.37216
304,9,0.44245
304,15,0.47729
304,21,0.47067
304,27,0.44389
304,33,0.42479
304,39,0.42594
304,45,0.4344
304,51,0.44453
304,57,0.44917
304,63,0.44879
304,69,0.43955
304,75,0.44454
304,81,0.44213
304,87,0.44705
304,93,0.44569
304,99,0.44243
304,105,0.42975
304,111,0.40922
304,117,0.39735
304,123,0.38208
304,127,0.36716
311,3,0.42158
311,9,0.46746
311,15,0.50797
311,21,0.49125
311,27,0.46141
311,33,0.43015
311,39,0.41994
311,45,0.4121
311,51,0.42203
311,57,0.43712
311,63,0.43426
311,69,0.43692
311,75,0.43846
311,81,0.4361
311,87,0.4385
311,93,0.43349
311,99,0.42887
311,105,0.4115
311,111,0.411
311,117,0.40252
311,123,0.38598
311,127,0.38578
318,3,0.78528
318,9,0.77092
318,15,0.74382
318,21,0.69553
318,27,0.66175
318,33,0.65349
318,39,0.61311
318,45,0.58498
318,51,0.54854
318,57,0.52528
318,63,0.49602
318,69,0.48648
318,75,0.47991
318,81,0.45794
318,87,0.448
318,93,0.43898
318,99,0.43553
318,105,0.42684
318,111,0.41174
318,117,0.3947
318,123,0.38588
318,127,0.36532
325,3,0.41218
325,9,0.51078
325,15,0.54173
325,21,0.54352
325,27,0.52908
325,33,0.51064
325,39,0.51486
325,45,0.51375
325,51,0.51062
325,57,0.5217
325,63,0.52014
325,69,0.51436
325,75,0.48923
325,81,0.46793
325,87,0.44136
325,93,0.41232
325,99,0.38498
325,105,0.36351
325,111,0.34558
325,117,0.33631
325,123,0.32017
325,127,0.31813
332,3,0.53564
332,9,0.66555
332,15,0.70345
332,21,0.70794
332,27,0.68367
332,33,0.65848
332,39,0.62516
332,45,0.59456
332,51,0.57942
332,57,0.56055
332,63,0.55284
332,69,0.5438
332,75,0.52978
332,81,0.51094
332,87,0.49288
332,93,0.47944
332,99,0.45866
332,105,0.43872
332,111,0.42446
332,117,0.41293
332,123,0.40834
332,127,0.39626
339,3,0.43539
339,9,0.54194
339,15,0.62489
339,21,0.65787
339,27,0.65358
339,33,0.64128
339,39,0.6364
339,45,0.60909
339,51,0.59288
339,57,0.5808
339,63,0.56122
339,69,0.54532
339,75,0.52659
339,81,0.49971
339,87,0.47488
339,93,0.44998
339,99,0.42077
339,105,0.39568
339,111,0.37428
339,117,0.35261
339,123,0.33456
339,127,0.32073
346,3,0.43442
346,9,0.51174
346,15,0.56575
346,21,0.58939
346,27,0.58079
346,33,0.56279
346,39,0.56188
346,45,0.55894
346,51,0.56225
346,57,0.56509
346,63,0.56855
346,69,0.56566
346,75,0.55327
346,81,0.54162
346,87,0.53595
346,93,0.53301
346,99,0.51551
346,105,0.4851
346,111,0.46069
346,117,0.43527
346,123,0.40354
346,127,0.38538
353,3,0.51376
353,9,0.53282
353,15,0.56575
353,21,0.58051
353,27,0.56796
353,33,0.57206
353,39,0.56384
353,45,0.58466
353,51,0.59534
353,57,0.5961
353,63,0.59266
353,69,0.57851
353,75,0.57866
353,81,0.55654
353,87,0.53528
353,93,0.52371
353,99,0.51142
353,105,0.49275
353,111,0.47958
353,117,0.46717
353,123,0.43483
353,127,0.41588
360,3,0.49807
360,9,0.55365
360,15,0.61831
360,21,0.63465
360,27,0.63094
360,33,0.60419
360,39,0.58477
360,45,0.57712
360,51,0.55907
360,57,0.52521
360,63,0.51779
360,69,0.51387
360,75,0.49246
360,81,0.4864
360,87,0.48471
360,93,0.47186
360,99,0.46583
360,105,0.46341
360,111,0.4503
360,117,0.43816
360,123,0.42289
360,127,0.41573
367,3,0.47234
367,9,0.53426
367,15,0.60213
367,21,0.64664
367,27,0.65659
367,33,0.632
367,39,0.60736
367,45,0.58884
367,51,0.57357
367,57,0.56734
367,63,0.55538
367,69,0.54056
367,75,0.5323
367,81,0.50239
367,87,0.48526
367,93,0.46825
367,99,0.44453
367,105,0.43057
367,111,0.41578
367,117,0.40697
367,123,0.38914
367,127,0.37497
374,3,0.44584
374,9,0.49924
374,15,0.57726
374,21,0.62717
374,27,0.64266
374,33,0.63289
374,39,0.60656
374,45,0.58936
374,51,0.58764
374,57,0.58399
374,63,0.58395
374,69,0.56999
374,75,0.56633
374,81,0.55414
374,87,0.56122
374,93,0.54571
374,99,0.51602
374,105,0.4818
374,111,0.4498
374,117,0.42768
374,123,0.39445
374,127,0.37634
381,3,0.47406
381,9,0.55967
381,15,0.60901
381,21,0.64571
381,27,0.64271
381,33,0.61656
381,39,0.5943
381,45,0.57153
381,51,0.54756
381,57,0.52827
381,63,0.51296
381,69,0.49824
381,75,0.48789
381,81,0.49473
381,87,0.47823
381,93,0.46879
381,99,0.44503
381,105,0.43376
381,111,0.4144
381,117,0.39723
381,123,0.37491
381,127,0.37019
388,3,0.40323
388,9,0.51662
388,15,0.5827
388,21,0.59493
388,27,0.58199
388,33,0.55584
388,39,0.53027
388,45,0.52969
388,51,0.51965
388,57,0.52486
388,63,0.52059
388,69,0.52221
388,75,0.52819
388,81,0.52975
388,87,0.52598
388,93,0.52649
388,99,0.51977
388,105,0.5137
388,111,0.51009
388,117,0.49557
388,123,0.4678
388,127,0.45619
395,3,0.48445
395,9,0.56204
395,15,0.62145
395,21,0.63047
395,27,0.62957
395,33,0.61257
395,39,0.59909
395,45,0.57579
395,51,0.54257
395,57,0.53507
395,63,0.53682
395,69,0.52663
395,75,0.52412
395,81,0.52541
395,87,0.51461
395,93,0.50897
395,99,0.49496
395,105,0.48531
395,111,0.46098
395,117,0.42318
395,123,0.39362
395,127,0.36913
399,3,0.48179
399,9,0.57247
399,15,0.64211
399,21,0.70405
399,27,0.73441
399,33,0.72271
399,39,0.6836
399,45,0.62975
399,51,0.59965
399,57,0.55988
399,63,0.5321
399,69,0.54175
399,75,0.50528
399,81,0.48812
399,87,0.45396
399,93,0.41761
399,99,0.40392
399,105,0.3901
399,111,0.36874
399,117,0.38124
399,123,0.38146
399,127,0.39858
