batches,total,value,policy,value_prefix,simsiam
128,8.09697,4.86184,5.34878,2.94743,-0.70735
640,3.64924,3.03691,3.50373,0.48695,-0.55033
1408,3.83714,2.92115,3.6363,0.47547,-0.50246
1920,3.35002,2.52241,3.40626,0.47965,-0.58324
2688,3.38383,2.23863,3.49688,0.4657,-0.5692
3200,3.46442,2.37893,3.52986,0.45585,-0.55801
3968,3.28927,2.28609,3.36517,0.44597,-0.5467
4480,3.22254,2.05847,3.30378,0.44133,-0.5186
5248,3.17853,2.19184,3.26539,0.43895,-0.53689
5760,3.14992,2.4929,3.15974,0.43844,-0.53574
6528,3.2383,2.1665,3.31505,0.42645,-0.52241
7040,3.08974,2.18775,3.14968,0.42388,-0.51538
7808,2.76188,1.91306,2.86797,0.41473,-0.49954
8320,2.95984,2.02322,3.02252,0.40152,-0.485
9088,2.677,1.7921,2.78474,0.39651,-0.47614
9600,2.85441,1.76235,2.95803,0.38801,-0.46611
10368,2.80085,2.01941,2.83154,0.3821,-0.45882
10880,2.62183,1.51671,2.76713,0.37603,-0.45025
11648,1.89641,1.95029,1.92965,0.37341,-0.44711
12160,2.35907,1.72603,2.43964,0.37527,-0.44368
12928,2.08036,1.7046,2.14113,0.37696,-0.43194
13440,0.8145,1.13217,1.00916,0.38059,-0.42914
14208,0.4125,1.20466,0.57802,0.36398,-0.41534
14720,0.45344,1.16104,0.62004,0.37141,-0.41413
15488,0.43515,0.92193,0.64662,0.36346,-0.4027
16000,0.52022,1.2281,0.64087,0.37179,-0.39974
16768,0.45465,0.68959,0.69774,0.37658,-0.39603
17280,0.1403,0.67353,0.38719,0.37391,-0.39459
18048,0.58563,0.9273,0.77176,0.34725,-0.3826
18560,0.84904,0.94363,1.0338,0.34158,-0.38113
19328,0.95407,1.00465,1.11312,0.33935,-0.37478
19840,0.921,1.11483,1.04115,0.32672,-0.36279
20608,0.57554,0.79212,0.76233,0.31477,-0.3498
21120,0.25404,0.78853,0.42031,0.31357,-0.33849
21888,0.40376,0.60434,0.60028,0.30093,-0.32426
22400,0.29374,0.66232,0.46816,0.30869,-0.32435
23168,0.86823,0.88229,0.97718,0.29298,-0.31125
23680,0.93883,0.9424,1.01504,0.30121,-0.30651
24448,0.23209,0.58562,0.3977,0.29203,-0.30203
24960,0.13928,0.52875,0.28351,0.28435,-0.28038
25728,0.35725,0.77283,0.4592,0.28328,-0.28922
26240,0.23768,0.76718,0.34463,0.27173,-0.28524
27008,0.25999,0.72199,0.3697,0.27875,-0.28448
27520,0.18772,0.83728,0.25783,0.27779,-0.27861
28288,0.27026,0.89142,0.32151,0.29234,-0.28322
28800,0.29803,0.86356,0.34279,0.28698,-0.27382
29568,0.35874,0.95325,0.36522,0.2937,-0.26925
30080,0.31471,0.88938,0.33471,0.29993,-0.27114
30848,0.33776,1.05718,0.3152,0.30716,-0.27445
31360,0.33718,1.02777,0.29721,0.31077,-0.26387
32128,0.38897,1.07594,0.31516,0.33062,-0.2629
32640,0.37629,1.07214,0.29385,0.33279,-0.25919
33408,0.48013,1.10404,0.37351,0.35778,-0.26358
33920,0.5056,1.07845,0.39499,0.3608,-0.2599
34688,0.46372,1.08932,0.33364,0.37182,-0.25703
35200,0.49469,1.10997,0.36034,0.38129,-0.26221
35968,0.58478,1.07988,0.45663,0.38193,-0.26187
36480,0.48002,1.08409,0.34688,0.39327,-0.26558
37248,0.51497,1.0917,0.37626,0.41098,-0.2726
37760,0.59361,1.09334,0.44811,0.41548,-0.27166
38528,0.69087,1.11886,0.53262,0.4378,-0.27963
39040,0.62472,1.05087,0.47756,0.42118,-0.26837
39808,0.77841,1.08197,0.62143,0.45057,-0.28204
40320,0.78797,1.03821,0.63476,0.44536,-0.27585
41088,0.8104,1.08621,0.63526,0.47212,-0.28426
41600,0.72006,1.08672,0.54742,0.46801,-0.28352
42368,0.66693,1.07861,0.49495,0.47095,-0.28431
42880,0.70089,1.09993,0.51859,0.48336,-0.28802
43648,0.86012,1.1106,0.68387,0.48847,-0.29493
44160,0.62807,1.08588,0.45095,0.4823,-0.28833
44928,0.73874,1.11295,0.55236,0.4976,-0.29473
45440,0.65119,1.08278,0.47574,0.49679,-0.29602
46208,0.649,1.08858,0.46303,0.49982,-0.29299
46720,0.82992,1.058,0.65309,0.49138,-0.28952
47488,0.7462,1.04889,0.56856,0.49017,-0.28738
48000,0.646,1.12112,0.45401,0.50572,-0.29701
48768,0.68414,1.08219,0.49947,0.50264,-0.29426
49280,0.74463,1.08608,0.55452,0.50306,-0.29224
50048,0.66293,1.08028,0.47494,0.50734,-0.29471
50560,0.61711,1.0703,0.43427,0.50739,-0.29606
51328,0.62546,1.05178,0.44002,0.50336,-0.29043
51840,0.70342,1.08055,0.51538,0.51688,-0.29949
52608,0.68356,1.0839,0.48947,0.52141,-0.29915
53120,0.72181,1.06264,0.52966,0.51335,-0.29343
53888,0.63388,1.05128,0.44616,0.51067,-0.29288
54400,0.59645,1.04232,0.41367,0.50765,-0.29272
55168,0.6729,1.04513,0.48368,0.50661,-0.28934
55680,0.6481,1.05167,0.4629,0.5121,-0.29491
56448,0.63032,1.03773,0.44189,0.50907,-0.29003
56960,0.65542,1.07629,0.46059,0.52652,-0.30038
57728,0.66155,1.03177,0.48145,0.50825,-0.29305
58240,0.65873,1.04804,0.4778,0.51926,-0.30016
59008,0.67022,1.04419,0.49061,0.51504,-0.29824
59520,0.67546,1.05713,0.49202,0.51155,-0.29619
60288,0.68562,1.02244,0.51092,0.50584,-0.29337
60800,0.60042,1.00774,0.43343,0.49602,-0.29049
61568,0.64946,1.03113,0.47091,0.50819,-0.29371
62080,0.68135,1.02691,0.50929,0.50432,-0.29449
62848,0.63786,1.05667,0.45863,0.50344,-0.29419
63360,0.62589,1.0385,0.44866,0.50263,-0.29251
64128,0.66727,1.03807,0.49106,0.49762,-0.29046
64640,0.65783,1.05225,0.47628,0.50187,-0.29169
65408,0.68935,1.04914,0.5082,0.50946,-0.2953
65920,0.70474,1.04974,0.53059,0.50381,-0.29605
66688,0.63829,1.05734,0.46035,0.49884,-0.29262
67200,0.58214,1.06948,0.40838,0.51138,-0.3025
67968,0.65853,1.03138,0.48643,0.50731,-0.29652
68480,0.58983,1.02099,0.42045,0.49547,-0.29067
69248,0.58131,0.9999,0.41912,0.48753,-0.28766
69760,0.58998,1.00198,0.42578,0.48683,-0.28657
70528,0.60227,1.01688,0.43916,0.49256,-0.29184
71040,0.63099,1.0234,0.4638,0.49587,-0.29227
71808,0.59539,1.00737,0.43143,0.47579,-0.28184
72320,0.58288,1.0778,0.40583,0.50265,-0.29753
73088,0.5566,1.03415,0.39104,0.49075,-0.29187
73600,0.56778,1.02713,0.40715,0.49972,-0.29793
74368,0.59577,1.05207,0.42328,0.49782,-0.29417
74880,0.58315,1.02595,0.41664,0.48545,-0.28771
75648,0.58078,1.02631,0.41122,0.49674,-0.29188
76160,0.57423,1.01705,0.40886,0.48972,-0.28931
76928,0.5524,0.99857,0.38802,0.4887,-0.28698
77440,0.59076,1.00976,0.42973,0.48589,-0.28865
78208,0.54747,1.03645,0.37674,0.49532,-0.29185
78720,0.56084,1.0265,0.39229,0.49607,-0.29207
79488,0.6199,1.02592,0.45711,0.49,-0.29184
80000,0.63379,1.01903,0.47164,0.49405,-0.29333
80768,0.56531,1.02621,0.39924,0.48351,-0.287
81280,0.6056,1.01849,0.44595,0.48542,-0.2902
82048,0.60472,1.04855,0.43644,0.50352,-0.29869
82560,0.60973,1.028,0.44323,0.49212,-0.29131
83328,0.59326,1.0326,0.4278,0.49578,-0.29424
83840,0.64502,1.00022,0.48802,0.47858,-0.28582
84608,0.58817,1.04151,0.41823,0.50046,-0.29544
85120,0.65233,1.02375,0.48723,0.49077,-0.29081
85888,0.63655,1.03659,0.46716,0.49193,-0.29084
86400,0.6312,1.07102,0.46106,0.4972,-0.2974
87168,0.6255,1.05846,0.45348,0.49552,-0.29406
87680,0.57914,1.04303,0.4116,0.49337,-0.29329
88448,0.61447,1.03914,0.44753,0.49635,-0.2946
88960,0.63929,1.01318,0.47886,0.48413,-0.2885
89728,0.6266,1.02906,0.4622,0.49012,-0.29149
90240,0.67052,1.05241,0.50255,0.49056,-0.29285
91008,0.62492,1.02353,0.46072,0.4884,-0.29004
91520,0.61675,1.03836,0.44862,0.49281,-0.29214
92288,0.60306,1.0182,0.44518,0.48758,-0.29212
92800,0.62476,1.0347,0.46365,0.49272,-0.29514
93568,0.65106,1.04551,0.49299,0.49179,-0.29755
94080,0.64198,1.03416,0.48159,0.48902,-0.29359
94848,0.63831,1.05209,0.47077,0.49679,-0.29614
95360,0.60936,1.05658,0.44049,0.49127,-0.29327
96128,0.65846,1.02548,0.4939,0.49137,-0.29159
96640,0.60144,1.02583,0.44218,0.48915,-0.29317
97408,0.63208,1.03342,0.47061,0.48929,-0.29309
97920,0.61768,1.05268,0.45407,0.49372,-0.29664
98688,0.58923,1.03634,0.42823,0.48928,-0.29368
99200,0.6338,1.02141,0.47663,0.4883,-0.29325
99968,0.62234,1.05438,0.46099,0.50252,-0.30238
100480,0.60082,1.01024,0.44637,0.48927,-0.29369
101248,0.64775,1.01922,0.49104,0.4884,-0.29325
101760,0.67643,1.05555,0.51004,0.49545,-0.29647
102272,0.63378,1.07029,0.46953,0.50069,-0.30201
