iteration,s0,s1,s2,s3
0,0.02747,0.02478,0.03027,0.02979
2,0.02527,0.02991,0.02124,0.02686
5,0.02747,0.02136,0.01941,0.03394
7,0.02893,0.02002,0.01782,0.04614
10,0.02759,0.02148,0.04272,0.04321
12,0.08191,0.02124,0.02258,0.02344
15,0.0271,0.02075,0.04443,0.05884
17,0.06653,0.01672,0.01917,0.0697
20,0.06482,0.0249,0.01746,0.01147
22,0.27246,0.01453,0.03223,0.07129
25,0.40515,0.0271,0.01965,0.05627
27,0.80762,0.0144,0.0155,0.06885
30,0.80847,0.01416,0.01587,0.09363
32,0.7832,0.01917,0.01758,0.07495
35,0.5238,0.01819,0.02014,0.02673
37,0.31824,0.25281,0.01709,0.07458
40,0.18909,0.6427,0.02014,0.05835
42,0.5177,0.29333,0.02222,0.03455
45,0.74829,0.7323,0.01611,0.04614
47,0.17627,0.52039,0.2793,0.04517
50,0.41711,0.59241,0.71777,0.05872
52,0.26013,0.59204,0.73938,0.11719
55,0.40491,0.65149,0.7677,0.10413
57,0.38293,0.68579,0.65027,0.03479
60,0.54419,0.6543,0.72803,0.16772
62,0.44128,0.69507,0.66394,0.75293
65,0.32458,0.61768,0.48145,0.17407
67,0.59814,0.60718,0.56116,0.14038
70,0.23083,0.56311,0.48792,0.21082
72,0.43237,0.53137,0.61877,0.57043
75,0.36389,0.4834,0.66797,0.4751
77,0.37854,0.46667,0.65845,0.60901
80,0.36755,0.32275,0.52319,0.72168
82,0.34436,0.51172,0.55054,0.72766
85,0.51794,0.55725,0.4856,0.73474
87,0.45117,0.47827,0.55212,0.4812
90,0.42615,0.44568,0.58386,0.66357
92,0.40002,0.55237,0.44067,0.6665
95,0.32434,0.45398,0.61011,0.57983
97,0.37939,0.42993,0.59534,0.60815
100,0.46472,0.46375,0.54395,0.58801
102,0.3252,0.49646,0.57275,0.61145
105,0.29626,0.47803,0.57056,0.58167
107,0.36462,0.47705,0.52722,0.64258
110,0.41431,0.49023,0.34668,0.56738
112,0.39758,0.4635,0.42212,0.62256
115,0.40112,0.38367,0.3894,0.52673
117,0.35681,0.30408,0.42273,0.49854
120,0.34155,0.34631,0.44348,0.49487
122,0.37378,0.36865,0.39722,0.47717
125,0.28503,0.40063,0.43884,0.51099
127,0.35071,0.42493,0.34631,0.51929
130,0.37122,0.3634,0.38867,0.54773
132,0.28174,0.29053,0.39038,0.55481
135,0.36377,0.39795,0.43958,0.5824
137,0.35986,0.39844,0.41992,0.46277
140,0.2616,0.33997,0.39587,0.56274
142,0.37109,0.30322,0.38916,0.48035
145,0.31555,0.35144,0.21887,0.51611
147,0.35693,0.41907,0.4054,0.52136
150,0.34558,0.32483,0.32654,0.55481
152,0.28235,0.41028,0.2854,0.40112
155,0.37366,0.39185,0.31201,0.474
157,0.29578,0.38965,0.29688,0.52625
160,0.33105,0.3562,0.3512,0.54504
162,0.36743,0.40381,0.34521,0.50635
165,0.32324,0.35901,0.29932,0.49512
167,0.34241,0.34583,0.29321,0.52063
170,0.35266,0.37,0.32874,0.5
172,0.35217,0.3645,0.35022,0.53528
175,0.3053,0.37903,0.34436,0.52051
177,0.24988,0.35974,0.36548,0.47937
180,0.37634,0.36829,0.29309,0.52539
182,0.34082,0.33765,0.32788,0.56213
185,0.38269,0.36487,0.33557,0.58838
187,0.31067,0.31262,0.31897,0.51599
190,0.34558,0.33582,0.36206,0.48279
192,0.32141,0.36548,0.32556,0.53601
195,0.3739,0.36206,0.38086,0.53015
197,0.32043,0.38062,0.31067,0.50562
200,0.34265,0.36206,0.33899,0.54382
202,0.31177,0.33984,0.28674,0.52539
205,0.29724,0.38074,0.34595,0.54761
207,0.29272,0.34119,0.31116,0.51917
210,0.31238,0.38867,0.32654,0.5387
212,0.31201,0.34607,0.33679,0.54626
215,0.33337,0.32617,0.28748,0.52869
217,0.3125,0.35486,0.34473,0.5188
220,0.3324,0.30225,0.32227,0.51562
222,0.32751,0.37561,0.34973,0.50916
225,0.31396,0.32068,0.29932,0.48877
227,0.34607,0.33447,0.27881,0.50415
230,0.31458,0.35925,0.35242,0.44312
232,0.32629,0.3866,0.29321,0.44934
235,0.31421,0.38538,0.32385,0.44653
237,0.31433,0.38831,0.29846,0.49902
240,0.38269,0.36133,0.29749,0.47766
242,0.34766,0.354,0.31152,0.47998
245,0.33826,0.34216,0.28662,0.46252
247,0.33362,0.34937,0.27759,0.50964
250,0.31726,0.37769,0.32227,0.47412
252,0.34094,0.37561,0.32788,0.43799
255,0.33118,0.37842,0.26514,0.47095
257,0.33252,0.32214,0.33362,0.45593
260,0.35815,0.36047,0.31091,0.48914
262,0.35669,0.36792,0.29675,0.48474
265,0.28967,0.36755,0.28381,0.39758
267,0.35242,0.34839,0.30688,0.43213
270,0.34351,0.35144,0.28125,0.48267
272,0.32629,0.36462,0.29883,0.39563
275,0.3634,0.33105,0.2821,0.44629
277,0.36414,0.38477,0.27771,0.43335
280,0.35168,0.3512,0.30005,0.44727
282,0.3512,0.32043,0.29041,0.41052
285,0.33545,0.29333,0.28088,0.43152
287,0.33691,0.33301,0.28784,0.3656
290,0.32617,0.3064,0.27429,0.41467
292,0.32947,0.35339,0.27612,0.43726
295,0.32825,0.36084,0.26807,0.40759
297,0.31921,0.33447,0.2832,0.41809
300,0.33813,0.34729,0.25854,0.45105
302,0.32812,0.32678,0.27747,0.46411
305,0.35315,0.34839,0.27148,0.44153
307,0.33057,0.35486,0.27173,0.45642
310,0.36499,0.33691,0.28027,0.41199
312,0.32983,0.3446,0.28003,0.40906
315,0.35303,0.33069,0.26196,0.40601
317,0.35608,0.32043,0.28101,0.37488
320,0.34778,0.33997,0.26001,0.37866
322,0.34802,0.34741,0.28809,0.43701
325,0.33704,0.29993,0.28015,0.41931
327,0.34924,0.32947,0.2865,0.40063
330,0.33154,0.31775,0.25671,0.41724
332,0.34961,0.3186,0.25659,0.38538
335,0.33813,0.33984,0.27405,0.40222
337,0.33582,0.34521,0.27527,0.42078
340,0.33411,0.34656,0.27759,0.35718
342,0.32556,0.33032,0.28113,0.38135
345,0.34082,0.28943,0.29419,0.41443
347,0.33337,0.38489,0.31079,0.39771
350,0.28955,0.37158,0.29187,0.40356
352,0.38513,0.33411,0.27539,0.40662
355,0.35034,0.31799,0.27222,0.43872
357,0.33423,0.32312,0.26746,0.39539
360,0.32385,0.34351,0.28821,0.37817
362,0.3269,0.33484,0.30383,0.37439
365,0.36365,0.31738,0.32239,0.40125
367,0.29321,0.31921,0.33057,0.41858
370,0.32056,0.3324,0.28125,0.39038
372,0.32861,0.34229,0.29309,0.43054
375,0.30518,0.35461,0.28162,0.37524
377,0.31836,0.30347,0.31409,0.42737
380,0.32898,0.34375,0.32471,0.38953
382,0.3136,0.3302,0.26306,0.41528
385,0.29626,0.32959,0.29028,0.38745
387,0.30652,0.35278,0.29602,0.39905
390,0.31921,0.39624,0.27368,0.39807
392,0.31262,0.40027,0.28186,0.37671
395,0.31909,0.37012,0.28943,0.39551
397,0.30725,0.34314,0.29224,0.39453
399,0.30188,0.3584,0.30298,0.42371
